customer_id,created_at,region,acquisition_channel
CUST-0001,2024-11-23,North America,Organic Search
CUST-0002,2025-01-14,Asia-Pacific,Paid Ads
CUST-0003,2024-04-24,Europe,Organic Search
CUST-0004,2024-12-12,North America,Outreach
CUST-0005,2024-01-17,North America,Organic Search
CUST-0006,2024-04-21,Europe,Organic Search
CUST-0007,2024-10-14,Europe,Outreach
CUST-0008,2024-04-22,Latin America,Referral
CUST-0009,2025-02-18,North America,Paid Ads
CUST-0010,2024-12-23,Latin America,Referral
CUST-0011,2024-05-22,Europe,Paid Ads
CUST-0012,2025-05-05,Asia-Pacific,Organic Search
CUST-0013,2024-02-17,Latin America,Organic Search
CUST-0014,2024-07-02,Asia-Pacific,Referral
CUST-0015,2025-02-17,North America,Outreach
CUST-0016,2024-10-01,North America,Outreach
CUST-0017,2024-02-10,Asia-Pacific,Referral
CUST-0018,2024-10-22,Europe,Organic Search
CUST-0019,2024-01-24,Europe,Referral
CUST-0020,2024-02-10,Europe,Organic Search
CUST-0021,2024-07-13,Asia-Pacific,Outreach
CUST-0022,2024-11-21,Asia-Pacific,Paid Ads
CUST-0023,2024-07-08,Asia-Pacific,Paid Ads
CUST-0024,2024-12-09,Asia-Pacific,Organic Search
CUST-0025,2024-11-07,Europe,Paid Ads
CUST-0026,2024-03-24,Latin America,Outreach
CUST-0027,2024-05-18,Europe,Referral
CUST-0028,2025-03-07,North America,Paid Ads
CUST-0029,2025-02-24,North America,Referral
CUST-0030,2024-07-24,Asia-Pacific,Organic Search
CUST-0031,2024-04-18,Asia-Pacific,Paid Ads
CUST-0032,2024-12-01,Latin America,Outreach
CUST-0033,2025-03-28,Latin America,Paid Ads
CUST-0034,2024-05-15,Europe,Paid Ads
CUST-0035,2025-01-16,Asia-Pacific,Outreach
CUST-0036,2025-04-04,Latin America,Referral
CUST-0037,2024-04-22,Europe,Outreach
CUST-0038,2024-02-16,North America,Organic Search
CUST-0039,2024-03-19,Europe,Outreach
CUST-0040,2024-11-01,North America,Outreach
CUST-0041,2024-07-14,Latin America,Referral
CUST-0042,2025-05-12,North America,Organic Search
CUST-0043,2024-12-15,Asia-Pacific,Referral
CUST-0044,2024-02-27,Asia-Pacific,Outreach
CUST-0045,2024-03-21,Latin America,Organic Search
CUST-0046,2025-05-03,Asia-Pacific,Paid Ads
CUST-0047,2024-09-16,North America,Referral
CUST-0048,2025-03-06,Europe,Paid Ads
CUST-0049,2024-07-10,Europe,Organic Search
CUST-0050,2024-11-02,Asia-Pacific,Outreach
CUST-0051,2024-01-10,North America,Referral
CUST-0052,2025-03-25,Asia-Pacific,Paid Ads
CUST-0053,2024-01-30,Europe,Organic Search
CUST-0054,2024-02-13,Latin America,Organic Search
CUST-0055,2025-05-15,Europe,Paid Ads
CUST-0056,2024-12-03,Latin America,Paid Ads
CUST-0057,2024-05-15,Latin America,Paid Ads
CUST-0058,2025-04-20,Europe,Referral
CUST-0059,2024-07-23,Asia-Pacific,Outreach
CUST-0060,2025-04-05,Latin America,Organic Search
CUST-0061,2024-05-06,Europe,Organic Search
CUST-0062,2024-06-22,North America,Paid Ads
CUST-0063,2024-10-28,Europe,Organic Search
CUST-0064,2024-02-06,North America,Paid Ads
CUST-0065,2024-02-04,North America,Referral
CUST-0066,2024-02-06,Europe,Referral
CUST-0067,2024-12-08,Latin America,Paid Ads
CUST-0068,2024-10-03,Europe,Outreach
CUST-0069,2024-05-04,Latin America,Outreach
CUST-0070,2024-04-07,North America,Organic Search
CUST-0071,2024-12-03,Latin America,Referral
CUST-0072,2024-08-04,Latin America,Outreach
CUST-0073,2025-03-18,North America,Organic Search
CUST-0074,2024-02-01,Latin America,Referral
CUST-0075,2025-02-13,North America,Paid Ads
CUST-0076,2024-04-08,Europe,Outreach
CUST-0077,2024-03-12,Latin America,Paid Ads
CUST-0078,2024-05-22,Latin America,Paid Ads
CUST-0079,2025-03-23,North America,Outreach
CUST-0080,2025-02-17,North America,Organic Search
CUST-0081,2024-11-29,North America,Organic Search
CUST-0082,2025-04-19,Europe,Paid Ads
CUST-0083,2024-07-27,Latin America,Outreach
CUST-0084,2024-04-19,Latin America,Organic Search
CUST-0085,2024-03-25,Latin America,Organic Search
CUST-0086,2024-07-18,Asia-Pacific,Outreach
CUST-0087,2024-05-26,Latin America,Outreach
CUST-0088,2024-03-20,Europe,Referral
CUST-0089,2024-04-21,North America,Organic Search
CUST-0090,2025-01-17,Asia-Pacific,Organic Search
CUST-0091,2024-01-26,Latin America,Paid Ads
CUST-0092,2024-01-30,North America,Paid Ads
CUST-0093,2024-02-05,North America,Paid Ads
CUST-0094,2024-07-25,North America,Paid Ads
CUST-0095,2024-10-23,North America,Organic Search
CUST-0096,2024-08-02,Asia-Pacific,Referral
CUST-0097,2024-04-14,Asia-Pacific,Paid Ads
CUST-0098,2024-05-15,Latin America,Paid Ads
CUST-0099,2024-12-09,Asia-Pacific,Outreach
CUST-0100,2024-06-10,North America,Organic Search
CUST-0101,2024-08-22,North America,Organic Search
CUST-0102,2024-10-02,Europe,Referral
CUST-0103,2024-03-08,Asia-Pacific,Organic Search
CUST-0104,2025-03-26,Europe,Referral
CUST-0105,2024-05-25,Europe,Outreach
CUST-0106,2025-03-02,Asia-Pacific,Organic Search
CUST-0107,2024-12-07,Asia-Pacific,Organic Search
CUST-0108,2025-04-25,Europe,Referral
CUST-0109,2024-02-29,North America,Paid Ads
CUST-0110,2024-05-19,Asia-Pacific,Paid Ads
CUST-0111,2025-01-02,Asia-Pacific,Paid Ads
CUST-0112,2024-12-17,Asia-Pacific,Outreach
CUST-0113,2024-05-08,North America,Organic Search
CUST-0114,2024-11-20,Latin America,Referral
CUST-0115,2024-01-23,North America,Referral
CUST-0116,2025-01-29,Europe,Referral
CUST-0117,2024-03-23,Latin America,Outreach
CUST-0118,2024-10-14,North America,Organic Search
CUST-0119,2024-02-08,Europe,Organic Search
CUST-0120,2025-03-03,Asia-Pacific,Paid Ads
CUST-0121,2024-08-08,Europe,Organic Search
CUST-0122,2024-06-06,Asia-Pacific,Organic Search
CUST-0123,2025-04-05,Asia-Pacific,Paid Ads
CUST-0124,2024-12-15,Europe,Organic Search
CUST-0125,2024-06-30,Latin America,Paid Ads
CUST-0126,2025-04-18,Europe,Paid Ads
CUST-0127,2025-05-14,Europe,Outreach
CUST-0128,2024-01-13,Europe,Referral
CUST-0129,2025-02-04,Latin America,Paid Ads
CUST-0130,2024-05-16,Europe,Organic Search
CUST-0131,2024-07-14,North America,Outreach
CUST-0132,2024-04-23,Europe,Outreach
CUST-0133,2024-06-28,Asia-Pacific,Paid Ads
CUST-0134,2024-04-24,North America,Paid Ads
CUST-0135,2024-07-23,Asia-Pacific,Referral
CUST-0136,2025-03-18,North America,Referral
CUST-0137,2024-06-28,Latin America,Referral
CUST-0138,2025-04-25,North America,Organic Search
CUST-0139,2025-03-25,Asia-Pacific,Paid Ads
CUST-0140,2024-10-24,Asia-Pacific,Organic Search
CUST-0141,2024-02-25,Latin America,Referral
CUST-0142,2025-01-08,Asia-Pacific,Outreach
CUST-0143,2024-11-06,North America,Outreach
CUST-0144,2025-04-05,Europe,Referral
CUST-0145,2024-01-23,Latin America,Organic Search
CUST-0146,2024-09-23,Europe,Referral
CUST-0147,2024-08-08,North America,Referral
CUST-0148,2024-11-15,Asia-Pacific,Organic Search
CUST-0149,2025-01-03,Asia-Pacific,Referral
CUST-0150,2024-12-07,Latin America,Referral
CUST-0151,2024-07-25,Asia-Pacific,Paid Ads
CUST-0152,2024-04-08,Latin America,Outreach
CUST-0153,2024-12-12,Europe,Referral
CUST-0154,2024-07-26,North America,Referral
CUST-0155,2024-05-26,Europe,Outreach
CUST-0156,2025-02-06,Asia-Pacific,Outreach
CUST-0157,2024-08-14,Latin America,Paid Ads
CUST-0158,2024-09-18,Latin America,Paid Ads
CUST-0159,2024-12-03,North America,Referral
CUST-0160,2024-09-20,Asia-Pacific,Organic Search
CUST-0161,2025-02-23,Europe,Referral
CUST-0162,2024-04-25,Europe,Paid Ads
CUST-0163,2024-01-13,North America,Paid Ads
CUST-0164,2024-08-31,North America,Outreach
CUST-0165,2024-07-31,Europe,Outreach
CUST-0166,2024-09-10,Latin America,Paid Ads
CUST-0167,2024-03-16,North America,Organic Search
CUST-0168,2025-02-02,Latin America,Paid Ads
CUST-0169,2024-03-31,Latin America,Organic Search
CUST-0170,2024-10-12,Europe,Organic Search
CUST-0171,2024-08-21,Europe,Outreach
CUST-0172,2024-12-07,Asia-Pacific,Outreach
CUST-0173,2024-11-09,Latin America,Outreach
CUST-0174,2025-04-04,Europe,Outreach
CUST-0175,2024-08-18,Asia-Pacific,Paid Ads
CUST-0176,2025-03-06,Asia-Pacific,Outreach
CUST-0177,2024-11-16,Europe,Referral
CUST-0178,2024-08-13,North America,Referral
CUST-0179,2024-04-30,Asia-Pacific,Referral
CUST-0180,2024-06-12,North America,Paid Ads
CUST-0181,2024-03-18,Europe,Outreach
CUST-0182,2024-12-21,Europe,Paid Ads
CUST-0183,2024-02-02,Latin America,Outreach
CUST-0184,2024-06-18,Latin America,Outreach
CUST-0185,2024-02-01,Europe,Outreach
CUST-0186,2024-07-18,North America,Outreach
CUST-0187,2024-09-01,North America,Referral
CUST-0188,2024-06-01,Latin America,Outreach
CUST-0189,2024-10-02,Europe,Outreach
CUST-0190,2024-04-22,Asia-Pacific,Outreach
CUST-0191,2024-09-05,North America,Outreach
CUST-0192,2024-06-21,Latin America,Paid Ads
CUST-0193,2025-03-06,Latin America,Paid Ads
CUST-0194,2024-11-14,North America,Outreach
CUST-0195,2024-10-30,North America,Organic Search
CUST-0196,2024-11-25,Latin America,Paid Ads
CUST-0197,2025-03-19,Latin America,Paid Ads
CUST-0198,2024-01-26,Asia-Pacific,Outreach
CUST-0199,2024-06-16,Europe,Outreach
CUST-0200,2024-06-16,Asia-Pacific,Outreach
CUST-0201,2024-05-22,Latin America,Referral
CUST-0202,2025-03-03,North America,Outreach
CUST-0203,2024-01-10,North America,Referral
CUST-0204,2024-04-24,North America,Organic Search
CUST-0205,2025-01-21,North America,Paid Ads
CUST-0206,2024-04-12,North America,Paid Ads
CUST-0207,2024-05-02,Europe,Outreach
CUST-0208,2024-12-08,North America,Paid Ads
CUST-0209,2024-08-26,Asia-Pacific,Referral
CUST-0210,2024-03-26,North America,Paid Ads
CUST-0211,2025-05-08,Asia-Pacific,Organic Search
CUST-0212,2024-10-23,North America,Referral
CUST-0213,2024-10-21,Latin America,Outreach
CUST-0214,2025-04-27,Europe,Organic Search
CUST-0215,2024-10-30,Europe,Organic Search
CUST-0216,2024-12-22,Asia-Pacific,Organic Search
CUST-0217,2025-02-11,North America,Referral
CUST-0218,2024-09-29,Latin America,Referral
CUST-0219,2024-02-05,Asia-Pacific,Organic Search
CUST-0220,2025-03-10,Latin America,Outreach
CUST-0221,2024-02-24,Latin America,Referral
CUST-0222,2024-11-21,Latin America,Paid Ads
CUST-0223,2024-08-10,Europe,Referral
CUST-0224,2024-11-11,Latin America,Outreach
CUST-0225,2024-08-11,Asia-Pacific,Referral
CUST-0226,2025-03-12,Europe,Organic Search
CUST-0227,2024-05-22,Latin America,Paid Ads
CUST-0228,2025-01-19,Latin America,Outreach
CUST-0229,2024-06-21,North America,Outreach
CUST-0230,2025-03-11,Asia-Pacific,Paid Ads
CUST-0231,2024-09-06,Europe,Referral
CUST-0232,2025-02-12,Asia-Pacific,Referral
CUST-0233,2024-05-23,Asia-Pacific,Organic Search
CUST-0234,2024-09-21,Europe,Organic Search
CUST-0235,2024-05-03,Latin America,Outreach
CUST-0236,2024-10-11,Europe,Outreach
CUST-0237,2024-11-26,Latin America,Outreach
CUST-0238,2025-02-09,North America,Organic Search
CUST-0239,2024-05-30,Europe,Outreach
CUST-0240,2024-12-20,Europe,Referral
CUST-0241,2024-12-05,Asia-Pacific,Outreach
CUST-0242,2024-10-10,Asia-Pacific,Outreach
CUST-0243,2025-01-16,Asia-Pacific,Referral
CUST-0244,2024-12-25,Latin America,Referral
CUST-0245,2024-06-05,Asia-Pacific,Paid Ads
CUST-0246,2024-03-02,Europe,Referral
CUST-0247,2024-03-02,Europe,Paid Ads
CUST-0248,2024-04-20,Latin America,Referral
CUST-0249,2025-01-05,Asia-Pacific,Organic Search
CUST-0250,2025-03-02,Europe,Referral
CUST-0251,2024-04-26,Asia-Pacific,Paid Ads
CUST-0252,2024-06-03,North America,Paid Ads
CUST-0253,2024-05-20,North America,Organic Search
CUST-0254,2024-10-10,Asia-Pacific,Paid Ads
CUST-0255,2024-11-22,Latin America,Organic Search
CUST-0256,2025-03-22,North America,Referral
CUST-0257,2024-08-28,Latin America,Outreach
CUST-0258,2024-06-23,Europe,Organic Search
CUST-0259,2024-05-09,Latin America,Organic Search
CUST-0260,2025-02-24,North America,Outreach
CUST-0261,2024-09-08,North America,Organic Search
CUST-0262,2024-03-18,Europe,Referral
CUST-0263,2024-02-13,Europe,Organic Search
CUST-0264,2024-10-12,Latin America,Paid Ads
CUST-0265,2025-02-01,Latin America,Outreach
CUST-0266,2025-04-10,Latin America,Referral
CUST-0267,2025-03-16,Latin America,Referral
CUST-0268,2024-10-18,North America,Organic Search
CUST-0269,2025-04-30,Europe,Paid Ads
CUST-0270,2024-05-15,North America,Paid Ads
CUST-0271,2024-05-02,Europe,Organic Search
CUST-0272,2024-03-21,North America,Outreach
CUST-0273,2024-08-18,Latin America,Referral
CUST-0274,2024-01-17,Europe,Referral
CUST-0275,2024-12-27,Asia-Pacific,Outreach
CUST-0276,2024-02-06,Europe,Referral
CUST-0277,2025-02-07,Europe,Outreach
CUST-0278,2024-02-28,Europe,Paid Ads
CUST-0279,2025-04-10,Asia-Pacific,Paid Ads
CUST-0280,2024-02-06,North America,Paid Ads
CUST-0281,2025-02-09,Asia-Pacific,Referral
CUST-0282,2024-08-12,North America,Outreach
CUST-0283,2024-12-18,Asia-Pacific,Outreach
CUST-0284,2025-04-27,Asia-Pacific,Outreach
CUST-0285,2024-08-12,North America,Organic Search
CUST-0286,2025-03-31,Latin America,Referral
CUST-0287,2024-11-05,Asia-Pacific,Organic Search
CUST-0288,2024-02-16,Europe,Organic Search
CUST-0289,2025-01-26,Asia-Pacific,Organic Search
CUST-0290,2025-01-25,Europe,Outreach
CUST-0291,2024-09-22,Latin America,Referral
CUST-0292,2024-04-02,Latin America,Outreach
CUST-0293,2025-05-11,North America,Outreach
CUST-0294,2024-06-27,Latin America,Referral
CUST-0295,2024-06-13,North America,Paid Ads
CUST-0296,2024-06-17,Latin America,Outreach
CUST-0297,2024-05-27,Latin America,Organic Search
CUST-0298,2024-08-20,North America,Referral
CUST-0299,2024-05-09,Asia-Pacific,Organic Search
CUST-0300,2025-05-11,Latin America,Organic Search
CUST-0301,2024-12-02,Latin America,Outreach
CUST-0302,2024-01-28,Europe,Referral
CUST-0303,2024-11-14,Latin America,Outreach
CUST-0304,2025-01-24,North America,Paid Ads
CUST-0305,2024-05-16,Europe,Referral
CUST-0306,2024-08-12,Latin America,Organic Search
CUST-0307,2024-01-15,Europe,Paid Ads
CUST-0308,2024-06-08,North America,Outreach
CUST-0309,2024-02-17,Europe,Organic Search
CUST-0310,2024-08-24,North America,Paid Ads
CUST-0311,2024-09-12,Asia-Pacific,Referral
CUST-0312,2024-07-31,Latin America,Outreach
CUST-0313,2024-05-04,Latin America,Paid Ads
CUST-0314,2024-07-15,Europe,Paid Ads
CUST-0315,2025-03-18,North America,Referral
CUST-0316,2025-01-30,Latin America,Referral
CUST-0317,2025-04-23,Asia-Pacific,Organic Search
CUST-0318,2024-05-24,Asia-Pacific,Outreach
CUST-0319,2025-03-19,Europe,Outreach
CUST-0320,2024-10-02,Latin America,Referral
CUST-0321,2024-06-19,Latin America,Outreach
CUST-0322,2025-04-22,Asia-Pacific,Paid Ads
CUST-0323,2024-12-23,Europe,Outreach
CUST-0324,2024-04-29,Latin America,Organic Search
CUST-0325,2024-06-11,Latin America,Outreach
CUST-0326,2024-07-16,Europe,Outreach
CUST-0327,2025-05-08,North America,Paid Ads
CUST-0328,2024-09-14,Asia-Pacific,Organic Search
CUST-0329,2025-03-23,Latin America,Organic Search
CUST-0330,2024-09-26,Latin America,Organic Search
CUST-0331,2025-01-04,Europe,Outreach
CUST-0332,2025-03-21,Europe,Organic Search
CUST-0333,2024-08-28,Asia-Pacific,Referral
CUST-0334,2024-11-15,Latin America,Organic Search
CUST-0335,2025-03-12,Asia-Pacific,Outreach
CUST-0336,2025-05-03,Asia-Pacific,Outreach
CUST-0337,2025-03-22,North America,Organic Search
CUST-0338,2024-04-30,Asia-Pacific,Paid Ads
CUST-0339,2025-01-17,North America,Outreach
CUST-0340,2025-05-15,North America,Organic Search
CUST-0341,2024-08-15,Europe,Referral
CUST-0342,2025-04-07,North America,Organic Search
CUST-0343,2024-06-15,North America,Referral
CUST-0344,2024-07-02,Asia-Pacific,Outreach
CUST-0345,2024-03-15,Europe,Outreach
CUST-0346,2024-10-16,Europe,Paid Ads
CUST-0347,2024-03-30,North America,Outreach
CUST-0348,2024-11-13,Europe,Outreach
CUST-0349,2025-04-12,Europe,Paid Ads
CUST-0350,2024-08-24,Asia-Pacific,Outreach
CUST-0351,2024-05-10,North America,Outreach
CUST-0352,2025-04-06,Asia-Pacific,Paid Ads
CUST-0353,2024-02-07,Latin America,Referral
CUST-0354,2024-10-27,Asia-Pacific,Outreach
CUST-0355,2024-12-19,Asia-Pacific,Outreach
CUST-0356,2025-03-08,Asia-Pacific,Paid Ads
CUST-0357,2024-07-15,Latin America,Organic Search
CUST-0358,2024-05-01,Latin America,Referral
CUST-0359,2024-10-21,Asia-Pacific,Referral
CUST-0360,2024-01-12,Latin America,Referral
CUST-0361,2024-01-05,North America,Outreach
CUST-0362,2025-03-02,Asia-Pacific,Paid Ads
CUST-0363,2024-11-06,Asia-Pacific,Paid Ads
CUST-0364,2024-11-21,Europe,Referral
CUST-0365,2024-12-13,Europe,Organic Search
CUST-0366,2025-04-07,North America,Referral
CUST-0367,2025-02-07,Latin America,Organic Search
CUST-0368,2024-10-23,Asia-Pacific,Paid Ads
CUST-0369,2024-02-16,Asia-Pacific,Referral
CUST-0370,2025-01-17,Latin America,Paid Ads
CUST-0371,2024-04-12,Europe,Referral
CUST-0372,2024-09-28,Asia-Pacific,Paid Ads
CUST-0373,2024-05-11,Latin America,Referral
CUST-0374,2025-01-17,Asia-Pacific,Organic Search
CUST-0375,2024-08-27,North America,Paid Ads
CUST-0376,2025-01-21,Europe,Outreach
CUST-0377,2025-05-10,Asia-Pacific,Organic Search
CUST-0378,2025-02-08,Latin America,Organic Search
CUST-0379,2024-05-15,North America,Outreach
CUST-0380,2024-07-07,Asia-Pacific,Outreach
CUST-0381,2025-02-25,Asia-Pacific,Organic Search
CUST-0382,2024-12-11,Europe,Outreach
CUST-0383,2024-01-13,Asia-Pacific,Paid Ads
CUST-0384,2024-11-27,North America,Outreach
CUST-0385,2025-04-10,Asia-Pacific,Outreach
CUST-0386,2024-02-29,Europe,Organic Search
CUST-0387,2025-04-29,North America,Referral
CUST-0388,2024-09-09,North America,Organic Search
CUST-0389,2024-04-30,Europe,Outreach
CUST-0390,2024-08-20,Asia-Pacific,Outreach
CUST-0391,2024-10-27,Europe,Outreach
CUST-0392,2024-12-01,North America,Outreach
CUST-0393,2024-11-11,Latin America,Referral
CUST-0394,2024-01-17,Asia-Pacific,Paid Ads
CUST-0395,2024-08-15,Latin America,Paid Ads
CUST-0396,2025-03-13,Asia-Pacific,Organic Search
CUST-0397,2024-12-17,Asia-Pacific,Referral
CUST-0398,2024-02-01,Latin America,Referral
CUST-0399,2024-04-07,North America,Outreach
CUST-0400,2024-02-16,Europe,Organic Search
CUST-0401,2024-01-26,Asia-Pacific,Paid Ads
CUST-0402,2024-03-05,Europe,Organic Search
CUST-0403,2025-02-28,Europe,Paid Ads
CUST-0404,2025-02-20,Europe,Referral
CUST-0405,2025-01-31,Europe,Organic Search
CUST-0406,2024-05-21,Europe,Paid Ads
CUST-0407,2024-10-03,Asia-Pacific,Paid Ads
CUST-0408,2024-02-26,North America,Paid Ads
CUST-0409,2024-01-08,Asia-Pacific,Paid Ads
CUST-0410,2024-10-28,Asia-Pacific,Organic Search
CUST-0411,2024-03-30,Asia-Pacific,Organic Search
CUST-0412,2024-03-05,Latin America,Organic Search
CUST-0413,2025-01-16,North America,Outreach
CUST-0414,2024-08-17,Asia-Pacific,Organic Search
CUST-0415,2024-08-19,Europe,Organic Search
CUST-0416,2025-01-07,Asia-Pacific,Outreach
CUST-0417,2024-11-25,North America,Organic Search
CUST-0418,2024-09-02,Latin America,Outreach
CUST-0419,2024-12-17,North America,Outreach
CUST-0420,2024-12-30,Latin America,Organic Search
CUST-0421,2025-04-05,North America,Referral
CUST-0422,2024-11-07,Europe,Organic Search
CUST-0423,2024-03-05,Asia-Pacific,Referral
CUST-0424,2024-07-14,Asia-Pacific,Outreach
CUST-0425,2024-09-15,Latin America,Organic Search
CUST-0426,2025-02-10,North America,Paid Ads
CUST-0427,2024-08-08,Latin America,Paid Ads
CUST-0428,2024-07-30,Asia-Pacific,Outreach
CUST-0429,2024-07-23,Latin America,Organic Search
CUST-0430,2024-06-09,Latin America,Referral
CUST-0431,2024-12-06,Asia-Pacific,Referral
CUST-0432,2025-05-03,Europe,Outreach
CUST-0433,2024-02-04,North America,Organic Search
CUST-0434,2024-02-17,Latin America,Organic Search
CUST-0435,2025-01-16,Asia-Pacific,Paid Ads
CUST-0436,2024-10-11,North America,Referral
CUST-0437,2024-12-09,North America,Outreach
CUST-0438,2024-06-30,Latin America,Organic Search
CUST-0439,2025-05-10,Asia-Pacific,Referral
CUST-0440,2024-06-29,North America,Paid Ads
CUST-0441,2024-03-20,Latin America,Paid Ads
CUST-0442,2025-03-09,North America,Referral
CUST-0443,2025-03-08,Asia-Pacific,Organic Search
CUST-0444,2025-01-25,Asia-Pacific,Paid Ads
CUST-0445,2025-02-17,Latin America,Organic Search
CUST-0446,2024-11-07,Asia-Pacific,Organic Search
CUST-0447,2024-04-02,Asia-Pacific,Referral
CUST-0448,2025-04-16,Asia-Pacific,Referral
CUST-0449,2024-01-04,Europe,Paid Ads
CUST-0450,2024-10-16,Latin America,Organic Search
CUST-0451,2024-03-13,North America,Organic Search
CUST-0452,2025-01-17,Europe,Outreach
CUST-0453,2024-08-02,Latin America,Referral
CUST-0454,2024-03-21,Asia-Pacific,Referral
CUST-0455,2025-01-04,Asia-Pacific,Organic Search
CUST-0456,2025-03-28,North America,Paid Ads
CUST-0457,2024-03-21,North America,Organic Search
CUST-0458,2024-05-19,Latin America,Outreach
CUST-0459,2024-09-05,Latin America,Outreach
CUST-0460,2024-05-19,Europe,Organic Search
CUST-0461,2024-06-25,Latin America,Organic Search
CUST-0462,2024-05-25,Latin America,Referral
CUST-0463,2024-01-24,Europe,Outreach
CUST-0464,2024-11-02,North America,Organic Search
CUST-0465,2024-04-14,Asia-Pacific,Paid Ads
CUST-0466,2025-01-27,Europe,Referral
CUST-0467,2024-05-28,Asia-Pacific,Organic Search
CUST-0468,2024-01-04,Latin America,Outreach
CUST-0469,2024-03-30,Europe,Outreach
CUST-0470,2024-09-29,Europe,Referral
CUST-0471,2024-02-06,Latin America,Organic Search
CUST-0472,2024-08-11,North America,Outreach
CUST-0473,2025-04-16,North America,Referral
CUST-0474,2024-10-21,Latin America,Outreach
CUST-0475,2024-12-29,Latin America,Referral
CUST-0476,2024-02-28,Latin America,Organic Search
CUST-0477,2025-05-09,Asia-Pacific,Paid Ads
CUST-0478,2025-02-14,Latin America,Referral
CUST-0479,2024-02-15,Latin America,Organic Search
CUST-0480,2024-05-04,Latin America,Outreach
CUST-0481,2024-09-25,North America,Outreach
CUST-0482,2025-03-21,Asia-Pacific,Referral
CUST-0483,2024-04-23,Asia-Pacific,Paid Ads
CUST-0484,2024-02-09,North America,Paid Ads
CUST-0485,2025-04-08,Asia-Pacific,Referral
CUST-0486,2025-01-07,Europe,Paid Ads
CUST-0487,2024-02-22,Europe,Referral
CUST-0488,2024-04-11,Europe,Paid Ads
CUST-0489,2025-01-24,North America,Paid Ads
CUST-0490,2025-05-02,Latin America,Outreach
CUST-0491,2025-01-21,Latin America,Referral
CUST-0492,2025-03-18,Asia-Pacific,Paid Ads
CUST-0493,2024-08-13,North America,Outreach
CUST-0494,2024-08-14,Asia-Pacific,Referral
CUST-0495,2024-10-29,North America,Referral
CUST-0496,2024-09-16,North America,Referral
CUST-0497,2024-08-24,Latin America,Organic Search
CUST-0498,2024-01-30,Asia-Pacific,Referral
CUST-0499,2024-02-09,North America,Outreach
CUST-0500,2024-08-24,North America,Outreach
CUST-0501,2025-04-10,Europe,Referral
CUST-0502,2024-11-05,Latin America,Paid Ads
CUST-0503,2025-05-05,North America,Outreach
CUST-0504,2024-02-22,Asia-Pacific,Organic Search
CUST-0505,2024-09-15,Europe,Organic Search
CUST-0506,2024-05-06,Latin America,Outreach
CUST-0507,2024-09-25,Europe,Referral
CUST-0508,2024-07-09,Asia-Pacific,Outreach
CUST-0509,2024-07-28,Asia-Pacific,Organic Search
CUST-0510,2025-02-08,Asia-Pacific,Organic Search
CUST-0511,2024-06-17,North America,Outreach
CUST-0512,2024-05-25,Asia-Pacific,Paid Ads
CUST-0513,2024-06-19,North America,Paid Ads
CUST-0514,2025-04-14,Asia-Pacific,Referral
CUST-0515,2025-05-10,Latin America,Paid Ads
CUST-0516,2024-10-31,North America,Referral
CUST-0517,2024-10-13,Latin America,Referral
CUST-0518,2025-02-20,Europe,Organic Search
CUST-0519,2024-11-26,Latin America,Referral
CUST-0520,2024-01-10,Asia-Pacific,Referral
CUST-0521,2024-04-02,Europe,Referral
CUST-0522,2025-04-30,Latin America,Paid Ads
CUST-0523,2024-04-25,Europe,Paid Ads
CUST-0524,2024-02-09,Asia-Pacific,Organic Search
CUST-0525,2024-09-16,North America,Referral
CUST-0526,2025-03-24,Europe,Outreach
CUST-0527,2024-03-19,Europe,Paid Ads
CUST-0528,2025-03-01,Europe,Outreach
CUST-0529,2024-01-23,Latin America,Referral
CUST-0530,2024-12-12,Europe,Outreach
CUST-0531,2024-11-08,Asia-Pacific,Outreach
CUST-0532,2024-04-29,Europe,Referral
CUST-0533,2025-05-09,Latin America,Paid Ads
CUST-0534,2024-07-07,Latin America,Outreach
CUST-0535,2025-01-28,Asia-Pacific,Outreach
CUST-0536,2024-09-14,Latin America,Paid Ads
CUST-0537,2025-02-22,Europe,Paid Ads
CUST-0538,2025-03-22,Asia-Pacific,Organic Search
CUST-0539,2024-11-24,Latin America,Referral
CUST-0540,2024-10-10,North America,Organic Search
CUST-0541,2024-05-25,North America,Paid Ads
CUST-0542,2024-05-19,Latin America,Paid Ads
CUST-0543,2025-03-01,Latin America,Organic Search
CUST-0544,2025-04-29,Europe,Outreach
CUST-0545,2025-03-28,Asia-Pacific,Organic Search
CUST-0546,2024-07-31,North America,Outreach
CUST-0547,2024-09-14,Asia-Pacific,Paid Ads
CUST-0548,2024-07-16,North America,Referral
CUST-0549,2024-04-24,North America,Referral
CUST-0550,2025-04-21,North America,Referral
CUST-0551,2025-02-09,Europe,Paid Ads
CUST-0552,2024-01-20,Asia-Pacific,Outreach
CUST-0553,2024-12-22,Europe,Outreach
CUST-0554,2024-08-17,North America,Organic Search
CUST-0555,2024-01-10,Asia-Pacific,Paid Ads
CUST-0556,2025-03-03,Europe,Outreach
CUST-0557,2024-02-26,Asia-Pacific,Paid Ads
CUST-0558,2024-06-03,North America,Organic Search
CUST-0559,2024-05-02,Latin America,Outreach
CUST-0560,2024-02-02,North America,Outreach
CUST-0561,2024-11-01,North America,Paid Ads
CUST-0562,2025-01-02,Europe,Referral
CUST-0563,2024-08-07,North America,Referral
CUST-0564,2024-05-03,Latin America,Paid Ads
CUST-0565,2024-12-06,North America,Referral
CUST-0566,2024-02-04,North America,Outreach
CUST-0567,2025-03-23,Latin America,Organic Search
CUST-0568,2024-11-21,Latin America,Referral
CUST-0569,2024-05-09,North America,Referral
CUST-0570,2025-02-07,North America,Referral
CUST-0571,2024-05-03,North America,Referral
CUST-0572,2024-03-09,North America,Referral
CUST-0573,2024-10-06,Asia-Pacific,Paid Ads
CUST-0574,2025-03-01,Latin America,Outreach
CUST-0575,2024-11-19,Europe,Paid Ads
CUST-0576,2024-02-02,Latin America,Organic Search
CUST-0577,2024-05-30,Europe,Organic Search
CUST-0578,2025-02-09,Europe,Organic Search
CUST-0579,2024-06-10,Asia-Pacific,Outreach
CUST-0580,2025-02-21,Latin America,Referral
CUST-0581,2024-01-19,Europe,Referral
CUST-0582,2024-07-01,North America,Referral
CUST-0583,2024-05-19,North America,Referral
CUST-0584,2024-08-11,Latin America,Outreach
CUST-0585,2025-04-03,Latin America,Referral
CUST-0586,2025-05-13,Europe,Outreach
CUST-0587,2024-12-20,Latin America,Referral
CUST-0588,2025-04-18,Asia-Pacific,Organic Search
CUST-0589,2025-01-07,Latin America,Organic Search
CUST-0590,2024-08-08,Europe,Referral
CUST-0591,2024-06-13,North America,Organic Search
CUST-0592,2024-06-16,Asia-Pacific,Referral
CUST-0593,2024-08-16,Latin America,Paid Ads
CUST-0594,2024-12-19,Latin America,Referral
CUST-0595,2024-08-16,North America,Referral
CUST-0596,2024-11-10,Latin America,Referral
CUST-0597,2024-11-23,North America,Organic Search
CUST-0598,2024-12-09,Latin America,Referral
CUST-0599,2024-09-19,Europe,Organic Search
CUST-0600,2024-03-14,Latin America,Organic Search
CUST-0601,2024-03-05,North America,Paid Ads
CUST-0602,2025-02-02,Asia-Pacific,Referral
CUST-0603,2024-07-15,North America,Paid Ads
CUST-0604,2024-12-13,Latin America,Referral
CUST-0605,2024-07-09,Latin America,Organic Search
CUST-0606,2024-10-20,Europe,Referral
CUST-0607,2024-07-22,Asia-Pacific,Referral
CUST-0608,2024-05-07,North America,Organic Search
CUST-0609,2025-01-11,Europe,Outreach
CUST-0610,2024-09-22,Latin America,Organic Search
CUST-0611,2024-05-14,Asia-Pacific,Outreach
CUST-0612,2024-04-19,Asia-Pacific,Outreach
CUST-0613,2024-04-12,North America,Paid Ads
CUST-0614,2025-03-12,North America,Outreach
CUST-0615,2024-03-29,Latin America,Organic Search
CUST-0616,2025-02-18,Asia-Pacific,Referral
CUST-0617,2024-12-29,North America,Referral
CUST-0618,2025-04-01,Asia-Pacific,Paid Ads
CUST-0619,2024-12-30,Europe,Referral
CUST-0620,2024-09-17,Europe,Organic Search
CUST-0621,2024-04-12,Europe,Paid Ads
CUST-0622,2025-02-08,Latin America,Organic Search
CUST-0623,2024-07-03,Asia-Pacific,Outreach
CUST-0624,2025-02-15,Europe,Organic Search
CUST-0625,2024-02-03,Asia-Pacific,Outreach
CUST-0626,2025-01-02,Latin America,Outreach
CUST-0627,2025-01-28,Latin America,Organic Search
CUST-0628,2024-03-05,Asia-Pacific,Organic Search
CUST-0629,2024-08-18,Latin America,Referral
CUST-0630,2024-03-06,Europe,Paid Ads
CUST-0631,2024-08-09,North America,Organic Search
CUST-0632,2024-09-22,Europe,Referral
CUST-0633,2024-03-25,Europe,Referral
CUST-0634,2025-04-23,Europe,Referral
CUST-0635,2025-04-30,Asia-Pacific,Organic Search
CUST-0636,2024-05-08,Europe,Referral
CUST-0637,2024-03-05,Asia-Pacific,Organic Search
CUST-0638,2024-09-14,Europe,Paid Ads
CUST-0639,2024-03-28,Asia-Pacific,Organic Search
CUST-0640,2025-02-26,North America,Organic Search
CUST-0641,2024-01-24,Asia-Pacific,Paid Ads
CUST-0642,2025-01-27,Latin America,Organic Search
CUST-0643,2024-09-11,Asia-Pacific,Referral
CUST-0644,2024-09-04,Europe,Outreach
CUST-0645,2024-06-01,Latin America,Organic Search
CUST-0646,2024-12-18,North America,Paid Ads
CUST-0647,2024-08-13,Latin America,Outreach
CUST-0648,2024-08-25,Europe,Referral
CUST-0649,2024-11-06,Europe,Referral
CUST-0650,2025-03-17,Asia-Pacific,Referral
CUST-0651,2025-05-14,Latin America,Paid Ads
CUST-0652,2025-01-24,Asia-Pacific,Organic Search
CUST-0653,2024-06-12,Europe,Outreach
CUST-0654,2024-03-03,Asia-Pacific,Outreach
CUST-0655,2024-05-06,Europe,Organic Search
CUST-0656,2024-01-26,Asia-Pacific,Outreach
CUST-0657,2025-03-18,Latin America,Paid Ads
CUST-0658,2025-05-07,Europe,Referral
CUST-0659,2025-04-23,Asia-Pacific,Paid Ads
CUST-0660,2025-01-25,Europe,Outreach
CUST-0661,2024-09-20,Latin America,Outreach
CUST-0662,2025-03-26,Asia-Pacific,Outreach
CUST-0663,2024-01-12,North America,Outreach
CUST-0664,2024-09-15,Latin America,Paid Ads
CUST-0665,2024-04-20,Asia-Pacific,Organic Search
CUST-0666,2024-01-26,Asia-Pacific,Outreach
CUST-0667,2024-11-01,Latin America,Referral
CUST-0668,2024-10-01,North America,Organic Search
CUST-0669,2024-08-08,Europe,Referral
CUST-0670,2025-01-07,Asia-Pacific,Outreach
CUST-0671,2024-07-06,North America,Outreach
CUST-0672,2024-01-27,Europe,Referral
CUST-0673,2024-10-10,Asia-Pacific,Organic Search
CUST-0674,2024-07-16,Latin America,Referral
CUST-0675,2025-02-26,North America,Paid Ads
CUST-0676,2025-05-14,North America,Outreach
CUST-0677,2024-07-10,Asia-Pacific,Referral
CUST-0678,2025-01-21,Europe,Paid Ads
CUST-0679,2024-11-04,Latin America,Organic Search
CUST-0680,2024-01-24,North America,Paid Ads
CUST-0681,2024-12-31,Asia-Pacific,Outreach
CUST-0682,2024-09-22,Latin America,Paid Ads
CUST-0683,2024-11-06,Europe,Referral
CUST-0684,2025-04-21,Asia-Pacific,Paid Ads
CUST-0685,2024-07-20,Asia-Pacific,Referral
CUST-0686,2024-09-16,Latin America,Referral
CUST-0687,2024-08-31,North America,Referral
CUST-0688,2024-06-18,North America,Outreach
CUST-0689,2024-10-25,Asia-Pacific,Organic Search
CUST-0690,2024-11-01,Latin America,Referral
CUST-0691,2025-05-10,Europe,Organic Search
CUST-0692,2024-10-25,Latin America,Paid Ads
CUST-0693,2024-09-25,Latin America,Paid Ads
CUST-0694,2025-02-24,Europe,Organic Search
CUST-0695,2024-10-20,North America,Paid Ads
CUST-0696,2024-01-10,Latin America,Referral
CUST-0697,2024-08-02,Europe,Outreach
CUST-0698,2024-12-19,Europe,Outreach
CUST-0699,2024-09-13,Latin America,Organic Search
CUST-0700,2024-12-27,Europe,Paid Ads
CUST-0701,2024-10-14,Asia-Pacific,Outreach
CUST-0702,2024-09-26,Latin America,Referral
CUST-0703,2025-05-04,Europe,Outreach
CUST-0704,2025-04-12,Asia-Pacific,Referral
CUST-0705,2024-12-12,Asia-Pacific,Outreach
CUST-0706,2024-04-08,Europe,Referral
CUST-0707,2024-10-12,Asia-Pacific,Paid Ads
CUST-0708,2025-04-27,Asia-Pacific,Referral
CUST-0709,2024-12-26,Europe,Outreach
CUST-0710,2024-06-11,Latin America,Referral
CUST-0711,2024-10-13,Asia-Pacific,Referral
CUST-0712,2024-03-03,Latin America,Outreach
CUST-0713,2025-02-23,Asia-Pacific,Paid Ads
CUST-0714,2024-05-28,North America,Referral
CUST-0715,2025-05-04,North America,Referral
CUST-0716,2025-04-18,Latin America,Referral
CUST-0717,2025-01-17,Latin America,Paid Ads
CUST-0718,2024-04-13,Asia-Pacific,Referral
CUST-0719,2024-03-11,North America,Paid Ads
CUST-0720,2024-05-04,North America,Paid Ads
CUST-0721,2024-11-22,Europe,Organic Search
CUST-0722,2024-02-21,Latin America,Referral
CUST-0723,2025-01-02,Latin America,Organic Search
CUST-0724,2024-12-14,Europe,Organic Search
CUST-0725,2025-05-08,Europe,Outreach
CUST-0726,2024-11-30,Latin America,Outreach
CUST-0727,2024-11-29,Europe,Referral
CUST-0728,2024-06-13,Asia-Pacific,Organic Search
CUST-0729,2025-04-09,North America,Paid Ads
CUST-0730,2024-09-30,North America,Paid Ads
CUST-0731,2024-08-01,Europe,Organic Search
CUST-0732,2025-03-04,Latin America,Outreach
CUST-0733,2024-04-05,Asia-Pacific,Organic Search
CUST-0734,2024-01-05,Asia-Pacific,Organic Search
CUST-0735,2025-04-20,Asia-Pacific,Referral
CUST-0736,2024-08-20,Latin America,Paid Ads
CUST-0737,2025-03-11,Latin America,Referral
CUST-0738,2024-04-08,North America,Referral
CUST-0739,2024-03-24,Latin America,Referral
CUST-0740,2025-01-02,Europe,Organic Search
CUST-0741,2025-01-12,Asia-Pacific,Referral
CUST-0742,2024-10-17,Europe,Paid Ads
CUST-0743,2024-11-08,Latin America,Outreach
CUST-0744,2024-09-20,Asia-Pacific,Organic Search
CUST-0745,2024-07-24,North America,Paid Ads
CUST-0746,2024-03-12,Latin America,Referral
CUST-0747,2025-04-24,Europe,Organic Search
CUST-0748,2024-05-13,Latin America,Paid Ads
CUST-0749,2024-08-16,Asia-Pacific,Referral
CUST-0750,2024-06-03,North America,Referral
CUST-0751,2024-11-30,Asia-Pacific,Paid Ads
CUST-0752,2024-02-01,North America,Outreach
CUST-0753,2024-06-06,Europe,Outreach
CUST-0754,2024-12-17,Asia-Pacific,Organic Search
CUST-0755,2024-11-23,Asia-Pacific,Referral
CUST-0756,2024-11-10,Europe,Paid Ads
CUST-0757,2025-05-05,Europe,Outreach
CUST-0758,2024-03-19,Latin America,Referral
CUST-0759,2024-07-31,Latin America,Paid Ads
CUST-0760,2025-01-25,Europe,Organic Search
CUST-0761,2024-09-26,Latin America,Referral
CUST-0762,2024-02-09,North America,Organic Search
CUST-0763,2025-02-28,Europe,Paid Ads
CUST-0764,2024-03-25,Asia-Pacific,Outreach
CUST-0765,2024-02-29,Europe,Outreach
CUST-0766,2024-02-16,Latin America,Organic Search
CUST-0767,2024-08-20,Europe,Outreach
CUST-0768,2024-08-21,North America,Outreach
CUST-0769,2024-12-10,Asia-Pacific,Organic Search
CUST-0770,2024-07-21,Asia-Pacific,Organic Search
CUST-0771,2025-01-16,Europe,Organic Search
CUST-0772,2024-01-24,Latin America,Referral
CUST-0773,2024-12-24,North America,Organic Search
CUST-0774,2025-04-23,North America,Outreach
CUST-0775,2024-01-17,Asia-Pacific,Outreach
CUST-0776,2024-04-02,Europe,Outreach
CUST-0777,2024-07-10,Latin America,Outreach
CUST-0778,2025-03-21,Latin America,Outreach
CUST-0779,2024-02-11,Europe,Referral
CUST-0780,2024-03-01,Europe,Outreach
CUST-0781,2024-09-27,Europe,Paid Ads
CUST-0782,2025-03-03,North America,Organic Search
CUST-0783,2025-05-15,Asia-Pacific,Outreach
CUST-0784,2024-12-10,Latin America,Outreach
CUST-0785,2025-02-25,Europe,Paid Ads
CUST-0786,2024-08-23,Asia-Pacific,Paid Ads
CUST-0787,2024-05-21,Europe,Organic Search
CUST-0788,2024-01-17,Latin America,Organic Search
CUST-0789,2024-05-03,Europe,Organic Search
CUST-0790,2024-02-21,North America,Outreach
CUST-0791,2024-11-02,North America,Paid Ads
CUST-0792,2025-01-14,North America,Outreach
CUST-0793,2024-08-12,Europe,Paid Ads
CUST-0794,2025-01-21,North America,Paid Ads
CUST-0795,2024-09-14,Asia-Pacific,Paid Ads
CUST-0796,2025-02-21,Asia-Pacific,Referral
CUST-0797,2024-05-01,Asia-Pacific,Paid Ads
CUST-0798,2024-12-04,Europe,Outreach
CUST-0799,2024-06-02,Asia-Pacific,Organic Search
CUST-0800,2024-10-12,Europe,Outreach
CUST-0801,2024-10-11,Latin America,Organic Search
CUST-0802,2025-05-12,Asia-Pacific,Outreach
CUST-0803,2025-02-06,Asia-Pacific,Outreach
CUST-0804,2024-07-28,Europe,Referral
CUST-0805,2024-07-11,Europe,Outreach
CUST-0806,2024-05-03,Europe,Referral
CUST-0807,2025-03-15,Europe,Outreach
CUST-0808,2025-04-13,North America,Outreach
CUST-0809,2025-05-10,Latin America,Paid Ads
CUST-0810,2024-07-17,Europe,Referral
CUST-0811,2024-04-14,Asia-Pacific,Organic Search
CUST-0812,2025-04-17,Latin America,Referral
CUST-0813,2024-02-17,Europe,Organic Search
CUST-0814,2024-05-17,Latin America,Organic Search
CUST-0815,2025-03-23,North America,Paid Ads
CUST-0816,2025-02-15,Europe,Outreach
CUST-0817,2024-04-16,Asia-Pacific,Referral
CUST-0818,2025-05-04,North America,Paid Ads
CUST-0819,2025-04-24,Europe,Organic Search
CUST-0820,2025-01-17,Latin America,Paid Ads
CUST-0821,2024-12-22,Europe,Outreach
CUST-0822,2025-04-13,Europe,Referral
CUST-0823,2025-02-01,Asia-Pacific,Outreach
CUST-0824,2024-08-26,Asia-Pacific,Referral
CUST-0825,2024-05-13,Asia-Pacific,Outreach
CUST-0826,2024-08-26,North America,Outreach
CUST-0827,2025-01-24,Asia-Pacific,Paid Ads
CUST-0828,2024-07-08,Asia-Pacific,Outreach
CUST-0829,2024-01-24,Europe,Paid Ads
CUST-0830,2024-01-09,Asia-Pacific,Outreach
CUST-0831,2024-05-31,Europe,Paid Ads
CUST-0832,2024-06-17,Europe,Outreach
CUST-0833,2024-10-18,Europe,Outreach
CUST-0834,2024-10-08,Asia-Pacific,Referral
CUST-0835,2025-01-25,Latin America,Outreach
CUST-0836,2024-08-23,Europe,Referral
CUST-0837,2024-03-27,Europe,Outreach
CUST-0838,2024-04-04,North America,Organic Search
CUST-0839,2025-03-05,North America,Organic Search
CUST-0840,2025-01-26,North America,Outreach
CUST-0841,2024-03-11,Europe,Organic Search
CUST-0842,2024-12-28,Europe,Organic Search
CUST-0843,2024-04-21,Latin America,Referral
CUST-0844,2024-01-31,Latin America,Outreach
CUST-0845,2024-01-09,North America,Outreach
CUST-0846,2024-01-07,North America,Referral
CUST-0847,2024-10-01,Asia-Pacific,Organic Search
CUST-0848,2024-09-14,Latin America,Paid Ads
CUST-0849,2024-02-24,North America,Paid Ads
CUST-0850,2024-05-03,Europe,Referral
CUST-0851,2025-02-21,Asia-Pacific,Referral
CUST-0852,2025-02-11,Latin America,Organic Search
CUST-0853,2024-07-10,Latin America,Outreach
CUST-0854,2024-10-16,Europe,Paid Ads
CUST-0855,2024-06-02,North America,Organic Search
CUST-0856,2024-02-17,Latin America,Outreach
CUST-0857,2024-07-12,Latin America,Organic Search
CUST-0858,2024-11-22,North America,Paid Ads
CUST-0859,2024-02-12,Latin America,Outreach
CUST-0860,2024-11-26,Asia-Pacific,Organic Search
CUST-0861,2025-04-03,North America,Paid Ads
CUST-0862,2024-04-18,Latin America,Referral
CUST-0863,2024-01-24,North America,Referral
CUST-0864,2025-04-05,North America,Paid Ads
CUST-0865,2025-04-20,Asia-Pacific,Organic Search
CUST-0866,2025-05-07,Europe,Paid Ads
CUST-0867,2025-01-20,Latin America,Organic Search
CUST-0868,2024-06-02,Europe,Paid Ads
CUST-0869,2024-10-17,Latin America,Referral
CUST-0870,2024-07-15,Europe,Organic Search
CUST-0871,2024-09-13,Asia-Pacific,Organic Search
CUST-0872,2024-02-20,Latin America,Paid Ads
CUST-0873,2025-03-05,North America,Referral
CUST-0874,2024-11-05,Latin America,Referral
CUST-0875,2024-01-16,Asia-Pacific,Outreach
CUST-0876,2024-09-08,Europe,Referral
CUST-0877,2024-10-10,Latin America,Outreach
CUST-0878,2024-04-05,Latin America,Organic Search
CUST-0879,2025-01-30,Asia-Pacific,Paid Ads
CUST-0880,2024-12-31,North America,Organic Search
CUST-0881,2024-05-17,Europe,Outreach
CUST-0882,2024-12-30,Europe,Outreach
CUST-0883,2024-06-11,Asia-Pacific,Organic Search
CUST-0884,2024-02-16,North America,Referral
CUST-0885,2024-08-15,Asia-Pacific,Referral
CUST-0886,2024-02-22,Europe,Organic Search
CUST-0887,2024-04-05,Latin America,Outreach
CUST-0888,2024-10-12,Latin America,Organic Search
CUST-0889,2024-01-14,North America,Referral
CUST-0890,2024-10-10,North America,Referral
CUST-0891,2025-03-18,Latin America,Organic Search
CUST-0892,2024-05-29,Latin America,Outreach
CUST-0893,2025-02-02,North America,Paid Ads
CUST-0894,2024-10-19,Europe,Outreach
CUST-0895,2024-03-27,Europe,Referral
CUST-0896,2024-06-03,Asia-Pacific,Outreach
CUST-0897,2024-03-15,North America,Paid Ads
CUST-0898,2024-08-10,Asia-Pacific,Outreach
CUST-0899,2024-06-02,Latin America,Organic Search
CUST-0900,2024-07-03,Asia-Pacific,Paid Ads
CUST-0901,2025-01-04,Latin America,Paid Ads
CUST-0902,2024-08-22,North America,Paid Ads
CUST-0903,2024-06-04,North America,Outreach
CUST-0904,2024-06-19,Latin America,Referral
CUST-0905,2024-08-13,Asia-Pacific,Outreach
CUST-0906,2025-02-21,Europe,Referral
CUST-0907,2024-06-13,Europe,Outreach
CUST-0908,2024-06-09,Europe,Outreach
CUST-0909,2025-05-10,Asia-Pacific,Referral
CUST-0910,2025-01-11,Latin America,Paid Ads
CUST-0911,2024-06-15,Latin America,Referral
CUST-0912,2025-02-22,Latin America,Referral
CUST-0913,2024-02-28,Europe,Paid Ads
CUST-0914,2024-12-15,North America,Outreach
CUST-0915,2025-04-27,Europe,Outreach
CUST-0916,2025-02-12,Asia-Pacific,Organic Search
CUST-0917,2025-02-23,Latin America,Outreach
CUST-0918,2024-03-12,Asia-Pacific,Paid Ads
CUST-0919,2024-05-09,Europe,Outreach
CUST-0920,2025-02-08,Latin America,Organic Search
CUST-0921,2024-08-17,Latin America,Outreach
CUST-0922,2024-09-30,Latin America,Organic Search
CUST-0923,2025-02-08,Asia-Pacific,Organic Search
CUST-0924,2024-02-25,Europe,Referral
CUST-0925,2024-03-26,North America,Outreach
CUST-0926,2025-05-10,Asia-Pacific,Outreach
CUST-0927,2024-02-24,North America,Organic Search
CUST-0928,2024-05-12,Europe,Paid Ads
CUST-0929,2024-08-16,Asia-Pacific,Outreach
CUST-0930,2024-08-25,Europe,Referral
CUST-0931,2024-01-13,Latin America,Organic Search
CUST-0932,2024-05-31,Latin America,Organic Search
CUST-0933,2024-02-29,Europe,Referral
CUST-0934,2024-06-08,Asia-Pacific,Outreach
CUST-0935,2025-02-05,Europe,Outreach
CUST-0936,2024-06-27,Latin America,Organic Search
CUST-0937,2024-08-12,Latin America,Referral
CUST-0938,2024-02-04,Asia-Pacific,Organic Search
CUST-0939,2025-02-18,North America,Organic Search
CUST-0940,2025-03-10,Asia-Pacific,Organic Search
CUST-0941,2024-12-12,Europe,Paid Ads
CUST-0942,2024-09-21,Europe,Paid Ads
CUST-0943,2024-06-18,Latin America,Outreach
CUST-0944,2024-04-28,Latin America,Paid Ads
CUST-0945,2024-04-05,Latin America,Outreach
CUST-0946,2024-01-15,Europe,Outreach
CUST-0947,2024-10-30,Latin America,Outreach
CUST-0948,2024-01-03,Europe,Paid Ads
CUST-0949,2024-05-22,North America,Organic Search
CUST-0950,2025-02-13,Europe,Referral
CUST-0951,2024-06-15,Europe,Outreach
CUST-0952,2024-02-28,Asia-Pacific,Outreach
CUST-0953,2024-09-27,Asia-Pacific,Outreach
CUST-0954,2024-11-08,Latin America,Organic Search
CUST-0955,2024-06-27,Asia-Pacific,Outreach
CUST-0956,2024-11-12,Europe,Referral
CUST-0957,2025-04-15,North America,Paid Ads
CUST-0958,2024-06-09,North America,Paid Ads
CUST-0959,2024-06-05,North America,Paid Ads
CUST-0960,2024-07-10,Europe,Outreach
CUST-0961,2024-08-02,Europe,Outreach
CUST-0962,2024-08-04,Europe,Outreach
CUST-0963,2024-11-21,Europe,Paid Ads
CUST-0964,2024-09-07,Asia-Pacific,Paid Ads
CUST-0965,2024-04-05,Asia-Pacific,Outreach
CUST-0966,2024-11-13,North America,Referral
CUST-0967,2025-05-02,North America,Outreach
CUST-0968,2024-03-10,Europe,Outreach
CUST-0969,2025-05-08,Latin America,Outreach
CUST-0970,2024-12-16,Latin America,Outreach
CUST-0971,2024-12-29,Latin America,Outreach
CUST-0972,2024-03-26,North America,Organic Search
CUST-0973,2025-02-11,Europe,Referral
CUST-0974,2024-01-17,Asia-Pacific,Paid Ads
CUST-0975,2024-10-02,Asia-Pacific,Paid Ads
CUST-0976,2025-02-03,Latin America,Outreach
CUST-0977,2024-10-08,North America,Organic Search
CUST-0978,2024-05-17,Asia-Pacific,Organic Search
CUST-0979,2025-01-24,Latin America,Paid Ads
CUST-0980,2024-08-05,North America,Paid Ads
CUST-0981,2024-06-01,North America,Outreach
CUST-0982,2024-05-14,Asia-Pacific,Organic Search
CUST-0983,2024-08-12,North America,Paid Ads
CUST-0984,2024-04-17,Asia-Pacific,Outreach
CUST-0985,2024-03-25,Europe,Paid Ads
CUST-0986,2025-02-20,Europe,Organic Search
CUST-0987,2024-10-18,Asia-Pacific,Referral
CUST-0988,2024-11-01,Europe,Referral
CUST-0989,2024-12-26,Asia-Pacific,Referral
CUST-0990,2024-10-20,Asia-Pacific,Organic Search
CUST-0991,2024-03-10,Latin America,Organic Search
CUST-0992,2024-05-21,Europe,Paid Ads
CUST-0993,2024-05-07,Europe,Referral
CUST-0994,2025-02-28,Europe,Outreach
CUST-0995,2024-09-07,Europe,Referral
CUST-0996,2024-11-17,Latin America,Outreach
CUST-0997,2024-08-19,North America,Organic Search
CUST-0998,2024-07-25,Asia-Pacific,Referral
CUST-0999,2024-08-20,Latin America,Referral
CUST-1000,2024-10-24,North America,Organic Search
